{
    "where2place_acc": 0.09966225452753896,
    "where2place_acc_stderr": 0.170237066848868
}