{
    "where2place_acc": 0.32397331154684095,
    "where2place_acc_stderr": 0.17996366779561088
}